ids,Description,Price,borough
71676715,3 bedroom apartment for sale,3500000.0,"('City of London', '5E61224')"
85260520,2 bedroom maisonette for sale,330000.0,"('Sutton', '5E93974')"
80795497,1 bedroom flat for sale,630000.0,"('City of London', '5E61224')"
30010659,2 bedroom apartment for sale,1600000.0,"('City of London', '5E61224')"
88152004,1 bedroom retirement property for sale,169950.0,"('Sutton', '5E93974')"
10864832,2 bedroom flat for sale,250000.0,"('Sutton', '5E93974')"
59179175,2 bedroom apartment for sale,300000.0,"('Sutton', '5E93974')"
14144717,2 bedroom apartment for sale,POA,
95096450,2 bedroom apartment for sale,1990000.0,"('City of London', '5E61224')"
9872277,Studio flat for sale,595000.0,"('City of London', '5E61224')"
32942919,2 bedroom flat for sale,290000.0,"('Sutton', '5E93974')"
59473270,2 bedroom apartment for sale,315000.0,"('Sutton', '5E93974')"
62250944,2 bedroom apartment for sale,1190000.0,"('City of London', '5E61224')"
53752912,2 bedroom flat for sale,250000.0,"('Sutton', '5E93974')"
26550724,1 bedroom flat for sale,259950.0,"('Sutton', '5E93974')"
17856953,1 bedroom flat for sale,810000.0,
77841963,2 bedroom flat for sale,1500000.0,
56619297,3 bedroom maisonette for sale,290000.0,"('Sutton', '5E93974')"
82515003,2 bedroom maisonette for sale,270000.0,"('Sutton', '5E93974')"
81184111,1 bedroom apartment for sale,95000.0,"('Sutton', '5E93974')"
79087864,1 bedroom apartment for sale,825000.0,"('City of London', '5E61224')"
75440290,2 bedroom flat for sale,225000.0,"('Sutton', '5E93974')"
20942867,2 bedroom flat for sale,300000.0,"('Sutton', '5E93974')"
47631671,2 bedroom apartment for sale,195000.0,"('Sutton', '5E93974')"
70683568,1 bedroom flat for sale,190000.0,"('Sutton', '5E93974')"
95883913,2 bedroom apartment for sale,1695000.0,"('City of London', '5E61224')"
56158061,3 bedroom apartment for sale,470000.0,"('Sutton', '5E93974')"
92994146,1 bedroom retirement property for sale,227500.0,"('Sutton', '5E93974')"
5371253,2 bedroom penthouse for sale,1900000.0,"('City of London', '5E61224')"
27652159,2 bedroom apartment for sale,1875000.0,"('City of London', '5E61224')"
43496554,1 bedroom apartment for sale,900000.0,"('City of London', '5E61224')"
4457471,1 bedroom flat for sale,288000.0,"('Sutton', '5E93974')"
47752418,1 bedroom flat for sale,240000.0,"('Sutton', '5E93974')"
32128302,1 bedroom flat for sale,675000.0,"('City of London', '5E61224')"
259363,1 bedroom flat for sale,960000.0,"('City of London', '5E61224')"
77372979,3 bedroom apartment for sale,3750000.0,"('City of London', '5E61224')"
69981545,2 bedroom terraced house for sale,375000.0,"('Sutton', '5E93974')"
71970220,4 bedroom detached house for sale,1100000.0,"('Sutton', '5E93974')"
44780152,2 bedroom semi-detached house for sale,550000.0,"('Sutton', '5E93974')"
4478574,2 bedroom apartment for sale,280000.0,
94443871,2 bedroom apartment for sale,112000.0,"('Sutton', '5E93974')"
91491437,1 bedroom flat for sale,190000.0,"('Sutton', '5E93974')"
45577636,1 bedroom flat for sale,190000.0,"('Sutton', '5E93974')"
20689849,3 bedroom flat for sale,2000000.0,"('City of London', '5E61224')"
8182419,3 bedroom penthouse for sale,3000000.0,"('City of London', '5E61224')"
67854647,2 bedroom apartment for sale,3100000.0,
28251786,2 bedroom apartment for sale,1200000.0,"('City of London', '5E61224')"
51157501,Parking for sale,55000.0,
69311007,Hotel room for sale,125000.0,"('City of London', '5E61224')"
90330836,2 bedroom flat for sale,245000.0,"('Sutton', '5E93974')"
47186766,3 bedroom end of terrace house for sale,525000.0,"('Sutton', '5E93974')"
37735769,1 bedroom flat for sale,225000.0,"('Sutton', '5E93974')"
8433206,2 bedroom flat for sale,730000.0,
40258565,1 bedroom apartment for sale,235000.0,"('Sutton', '5E93974')"
94259552,1 bedroom flat for sale,220000.0,"('Sutton', '5E93974')"
7690583,2 bedroom ground floor flat for sale,290000.0,"('Sutton', '5E93974')"
17242602,2 bedroom ground floor flat for sale,192000.0,"('Sutton', '5E93974')"
69246550,2 bedroom apartment for sale,305000.0,"('Sutton', '5E93974')"
99101671,2 bedroom flat for sale,290000.0,"('Sutton', '5E93974')"
42709117,1 bedroom flat for sale,550000.0,
74401511,1 bedroom apartment for sale,545000.0,"('City of London', '5E61224')"
36588234,2 bedroom apartment for sale,1600000.0,"('City of London', '5E61224')"
28938903,1 bedroom apartment for sale,965000.0,"('City of London', '5E61224')"
74138112,1 bedroom apartment for sale,1100000.0,"('City of London', '5E61224')"
35344924,1 bedroom apartment for sale,725000.0,"('City of London', '5E61224')"
51825929,2 bedroom flat for sale,999950.0,"('City of London', '5E61224')"
94405005,Studio flat for sale,570000.0,
57501043,1 bedroom flat for sale,450000.0,"('City of London', '5E61224')"
50240717,2 bedroom apartment for sale,350000.0,"('Sutton', '5E93974')"
85273763,Studio flat for sale,400000.0,"('City of London', '5E61224')"
50374800,2 bedroom apartment for sale,700000.0,"('City of London', '5E61224')"
62069207,2 bedroom apartment for sale,1950000.0,"('City of London', '5E61224')"
36169311,2 bedroom maisonette for sale,335000.0,"('Sutton', '5E93974')"
32440804,1 bedroom flat for sale,625000.0,"('City of London', '5E61224')"
13044923,2 bedroom flat for sale,350000.0,"('Sutton', '5E93974')"
51453914,2 bedroom flat for sale,367500.0,"('Sutton', '5E93974')"
6855425,1 bedroom apartment for sale,235000.0,"('Sutton', '5E93974')"
31689452,2 bedroom apartment for sale,1050000.0,"('City of London', '5E61224')"
51128486,1 bedroom apartment for sale,785000.0,"('City of London', '5E61224')"
58034830,1 bedroom flat for sale,240000.0,"('Sutton', '5E93974')"
59602536,2 bedroom apartment for sale,215000.0,"('Sutton', '5E93974')"
56896027,2 bedroom apartment for sale,1500000.0,"('City of London', '5E61224')"
62911553,3 bedroom house for sale,8000000.0,"('City of London', '5E61224')"
76843644,2 bedroom ground floor flat for sale,220000.0,"('Sutton', '5E93974')"
31193628,1 bedroom flat for sale,315000.0,"('Sutton', '5E93974')"
78143553,3 bedroom apartment for sale,410000.0,"('Sutton', '5E93974')"
9526163,1 bedroom flat for sale,220000.0,"('Sutton', '5E93974')"
99227111,3 bedroom apartment for sale,410000.0,
76489038,1 bedroom apartment for sale,315000.0,"('Sutton', '5E93974')"
53498642,2 bedroom apartment for sale,180000.0,"('Sutton', '5E93974')"
59497838,2 bedroom flat for sale,1500000.0,
66916425,1 bedroom retirement property for sale,159950.0,"('Sutton', '5E93974')"
31147711,1 bedroom apartment for sale,770000.0,"('City of London', '5E61224')"
49958228,1 bedroom flat for sale,240000.0,"('Sutton', '5E93974')"
58632347,1 bedroom apartment for sale,825000.0,"('City of London', '5E61224')"
84760052,2 bedroom apartment for sale,1600000.0,"('City of London', '5E61224')"
90626770,1 bedroom apartment for sale,290000.0,
65169826,2 bedroom flat for sale,315000.0,"('Sutton', '5E93974')"
90901948,2 bedroom flat for sale,390000.0,"('Sutton', '5E93974')"
15498821,1 bedroom maisonette for sale,250000.0,"('Sutton', '5E93974')"
17570975,1 bedroom flat for sale,450000.0,"('City of London', '5E61224')"
20268806,2 bedroom apartment for sale,1475000.0,"('City of London', '5E61224')"
49299729,2 bedroom flat for sale,495000.0,"('Sutton', '5E93974')"
61317382,3 bedroom apartment for sale,1295000.0,
72803672,2 bedroom apartment for sale,845000.0,"('City of London', '5E61224')"
20562417,2 bedroom flat for sale,500000.0,
97683670,2 bedroom apartment for sale,700000.0,
47754867,3 bedroom semi-detached house for sale,625000.0,"('Sutton', '5E93974')"
25590455,3 bedroom detached house for sale,5000000.0,"('City of London', '5E61224')"
88074827,2 bedroom ground maisonette for sale,410000.0,"('Sutton', '5E93974')"
34434109,1 bedroom flat for sale,275000.0,"('Sutton', '5E93974')"
50025248,2 bedroom flat for sale,275000.0,"('Sutton', '5E93974')"
73708003,7 bedroom detached house for sale,3850000.0,"('Sutton', '5E93974')"
36001733,1 bedroom flat for sale,230000.0,"('Sutton', '5E93974')"
53941916,1 bedroom apartment for sale,250000.0,"('Sutton', '5E93974')"
24503779,3 bedroom detached house for sale,625000.0,"('Sutton', '5E93974')"
65597874,2 bedroom flat for sale,1000000.0,"('City of London', '5E61224')"
5434062,1 bedroom flat for sale,235000.0,
85402077,3 bedroom flat for sale,1800000.0,"('City of London', '5E61224')"
68091336,2 bedroom apartment for sale,340000.0,"('Sutton', '5E93974')"
830070,1 bedroom retirement property for sale,100000.0,"('Sutton', '5E93974')"
26409843,1 bedroom flat for sale,190000.0,"('Sutton', '5E93974')"
34234883,2 bedroom flat for sale,365000.0,"('Sutton', '5E93974')"
53543549,3 bedroom maisonette for sale,275000.0,"('Sutton', '5E93974')"
94019322,1 bedroom flat for sale,285000.0,"('Sutton', '5E93974')"
86041835,2 bedroom apartment for sale,1375000.0,
93936657,2 bedroom maisonette for sale,330000.0,"('Sutton', '5E93974')"
84486765,3 bedroom semi-detached house for sale,550000.0,"('Sutton', '5E93974')"
44171097,1 bedroom flat for sale,270000.0,"('Sutton', '5E93974')"
64787614,3 bedroom ground floor flat for sale,325000.0,"('Sutton', '5E93974')"
23733307,2 bedroom flat for sale,475000.0,"('Sutton', '5E93974')"
59225733,2 bedroom apartment for sale,450000.0,"('Sutton', '5E93974')"
7774129,3 bedroom end of terrace house for sale,700000.0,"('Sutton', '5E93974')"
29990280,2 bedroom apartment for sale,745000.0,"('City of London', '5E61224')"
22912746,2 bedroom retirement property for sale,185000.0,"('Sutton', '5E93974')"
85832603,2 bedroom flat for sale,399950.0,"('Sutton', '5E93974')"
25481384,2 bedroom penthouse for sale,1350000.0,"('City of London', '5E61224')"
94488461,1 bedroom ground floor flat for sale,180000.0,"('Sutton', '5E93974')"
68126254,1 bedroom retirement property for sale,239950.0,"('Sutton', '5E93974')"
25870758,7 bedroom detached house for sale,1850000.0,"('Sutton', '5E93974')"
46059693,2 bedroom maisonette for sale,360000.0,"('Sutton', '5E93974')"
11464915,2 bedroom flat for sale,250000.0,"('Sutton', '5E93974')"
93900887,Ground floor studio flat for sale,110000.0,"('Sutton', '5E93974')"
73058721,4 bedroom maisonette for sale,350000.0,"('Sutton', '5E93974')"
78102598,2 bedroom apartment for sale,330000.0,"('Sutton', '5E93974')"
19617055,4 bedroom semi-detached house for sale,700000.0,"('Sutton', '5E93974')"
71970223,2 bedroom flat for sale,350000.0,"('Sutton', '5E93974')"
51327981,1 bedroom apartment for sale,590000.0,"('City of London', '5E61224')"
81417353,1 bedroom flat for sale,135000.0,"('Sutton', '5E93974')"
52783414,5 bedroom semi-detached house for sale,850000.0,"('Sutton', '5E93974')"
75930109,2 bedroom flat for sale,250000.0,"('Sutton', '5E93974')"
23200506,2 bedroom flat for sale,250000.0,"('Sutton', '5E93974')"
1738798,2 bedroom flat for sale,230000.0,"('Sutton', '5E93974')"
15021391,1 bedroom apartment for sale,275000.0,"('Sutton', '5E93974')"
33428618,2 bedroom flat for sale,165500.0,"('Sutton', '5E93974')"
79917093,1 bedroom flat for sale,289950.0,"('Sutton', '5E93974')"
77665946,3 bedroom apartment for sale,2899000.0,"('City of London', '5E61224')"
25290938,2 bedroom penthouse for sale,425000.0,"('Sutton', '5E93974')"
85480941,2 bedroom apartment for sale,275000.0,"('Sutton', '5E93974')"
27454743,1 bedroom apartment for sale,245000.0,"('Sutton', '5E93974')"
32648940,3 bedroom apartment for sale,1795000.0,"('City of London', '5E61224')"
86596200,2 bedroom flat for sale,300000.0,
8747989,1 bedroom flat for sale,130000.0,"('Sutton', '5E93974')"
7283222,Studio apartment for sale,600000.0,"('City of London', '5E61224')"
22406162,1 bedroom apartment for sale,275000.0,"('Sutton', '5E93974')"
63762913,3 bedroom detached house for sale,850000.0,"('Sutton', '5E93974')"
38954834,3 bedroom apartment for sale,480000.0,"('Sutton', '5E93974')"
74408277,1 bedroom flat for sale,619950.0,"('City of London', '5E61224')"
73391460,2 bedroom penthouse for sale,1400000.0,"('City of London', '5E61224')"
48894817,2 bedroom maisonette for sale,340000.0,"('Sutton', '5E93974')"
29036360,2 bedroom flat for sale,330000.0,"('Sutton', '5E93974')"
21237856,3 bedroom maisonette for sale,350000.0,"('Sutton', '5E93974')"
14630297,1 bedroom flat for sale,139995.0,"('Sutton', '5E93974')"
21811825,2 bedroom apartment for sale,300000.0,"('Sutton', '5E93974')"
44465709,1 bedroom apartment for sale,715000.0,"('City of London', '5E61224')"
47984439,3 bedroom flat for sale,1595000.0,"('City of London', '5E61224')"
35530028,3 bedroom apartment for sale,400000.0,"('Sutton', '5E93974')"
70056697,3 bedroom apartment for sale,4150000.0,"('City of London', '5E61224')"
70529278,3 bedroom apartment for sale,6655000.0,
40913385,1 bedroom apartment for sale,360000.0,"('Sutton', '5E93974')"
79794765,Studio flat for sale,385000.0,"('City of London', '5E61224')"
17155626,4 bedroom semi-detached house for sale,750000.0,"('Sutton', '5E93974')"
46715771,1 bedroom ground floor flat for sale,120000.0,"('Sutton', '5E93974')"
941638,5 bedroom detached house for sale,1475000.0,"('Sutton', '5E93974')"
27959016,1 bedroom flat for sale,225000.0,"('Sutton', '5E93974')"
81590611,1 bedroom apartment for sale,280000.0,"('Sutton', '5E93974')"
52333883,2 bedroom apartment for sale,325000.0,"('Sutton', '5E93974')"
10533868,2 bedroom maisonette for sale,300000.0,"('Sutton', '5E93974')"
84412244,2 bedroom flat for sale,350000.0,"('Sutton', '5E93974')"
3666012,1 bedroom maisonette for sale,280000.0,"('Sutton', '5E93974')"
50996741,3 bedroom semi-detached house for sale,550000.0,"('Sutton', '5E93974')"
85126525,1 bedroom apartment for sale,600000.0,
8469002,1 bedroom apartment for sale,240000.0,"('Sutton', '5E93974')"
2277384,1 bedroom apartment for sale,700000.0,"('City of London', '5E61224')"
77685209,1 bedroom flat for sale,170000.0,"('Sutton', '5E93974')"
12194358,1 bedroom flat for sale,135000.0,"('Sutton', '5E93974')"
77305929,1 bedroom apartment for sale,275000.0,"('Sutton', '5E93974')"
69122683,1 bedroom apartment for sale,314995.0,"('Sutton', '5E93974')"
5010657,5 bedroom flat for sale,4500000.0,"('City of London', '5E61224')"
70059357,3 bedroom apartment for sale,580000.0,"('Sutton', '5E93974')"
66578357,5 bedroom flat for sale,4500000.0,"('City of London', '5E61224')"
6821481,4 bedroom semi-detached house for sale,625000.0,"('Sutton', '5E93974')"
68212471,2 bedroom apartment for sale,230000.0,"('Sutton', '5E93974')"
31524574,1 bedroom apartment for sale,180000.0,"('Sutton', '5E93974')"
91181450,2 bedroom flat for sale,425000.0,"('Sutton', '5E93974')"
6415280,2 bedroom flat for sale,330000.0,"('Sutton', '5E93974')"
29733926,2 bedroom apartment for sale,350000.0,"('Sutton', '5E93974')"
68028517,3 bedroom terraced house for sale,425000.0,"('Sutton', '5E93974')"
53589900,2 bedroom apartment for sale,375000.0,"('Sutton', '5E93974')"
50467124,1 bedroom flat for sale,240000.0,"('Sutton', '5E93974')"
96624010,2 bedroom apartment for sale,350000.0,"('Sutton', '5E93974')"
92788882,1 bedroom flat for sale,115000.0,"('Sutton', '5E93974')"
85986097,1 bedroom flat for sale,115000.0,"('Sutton', '5E93974')"
99638717,1 bedroom flat for sale,550000.0,"('City of London', '5E61224')"
90854,2 bedroom flat for sale,370000.0,"('Sutton', '5E93974')"
72591213,1 bedroom flat for sale,750000.0,"('City of London', '5E61224')"
19492727,2 bedroom flat for sale,350000.0,"('Sutton', '5E93974')"
15089033,3 bedroom semi-detached house for sale,615000.0,"('Sutton', '5E93974')"
56649125,1 bedroom flat for sale,750000.0,"('City of London', '5E61224')"
28263863,1 bedroom flat for sale,218000.0,"('Sutton', '5E93974')"
98917131,4 bedroom bungalow for sale,600000.0,"('Sutton', '5E93974')"
66991716,Studio flat for sale,200000.0,"('Sutton', '5E93974')"
51568495,3 bedroom semi-detached house for sale,615000.0,"('Sutton', '5E93974')"
91926869,2 bedroom flat for sale,640000.0,"('City of London', '5E61224')"
36018397,2 bedroom flat for sale,270000.0,"('Sutton', '5E93974')"
31454532,1 bedroom flat for sale,240000.0,"('Sutton', '5E93974')"
48299455,1 bedroom terraced house for sale,365000.0,"('Sutton', '5E93974')"
6712573,2 bedroom apartment for sale,1375000.0,"('City of London', '5E61224')"
84174764,2 bedroom flat for sale,315000.0,"('Sutton', '5E93974')"
1723524,2 bedroom end of terrace house for sale,475000.0,"('Sutton', '5E93974')"
20145750,2 bedroom apartment for sale,1650000.0,"('City of London', '5E61224')"
839889,1 bedroom flat for sale,130000.0,"('Sutton', '5E93974')"
77871742,2 bedroom ground floor flat for sale,330000.0,"('Sutton', '5E93974')"
90374270,1 bedroom apartment for sale,260000.0,"('Sutton', '5E93974')"
49539682,3 bedroom terraced house for sale,400000.0,"('Sutton', '5E93974')"
55797172,Studio apartment for sale,570000.0,"('City of London', '5E61224')"
98812820,3 bedroom town house for sale,650000.0,"('Sutton', '5E93974')"
96632649,1 bedroom flat for sale,270000.0,"('Sutton', '5E93974')"
13733437,2 bedroom flat for sale,275000.0,"('Sutton', '5E93974')"
15631155,1 bedroom flat for sale,225000.0,"('Sutton', '5E93974')"
32763570,2 bedroom flat for sale,360000.0,"('Sutton', '5E93974')"
82521558,1 bedroom flat for sale,795000.0,"('City of London', '5E61224')"
86077920,1 bedroom flat for sale,130000.0,"('Sutton', '5E93974')"
20713133,4 bedroom detached house for sale,699950.0,"('Sutton', '5E93974')"
50484265,3 bedroom flat for sale,3500000.0,"('City of London', '5E61224')"
53889754,2 bedroom flat for sale,230000.0,"('Sutton', '5E93974')"
85169408,1 bedroom retirement property for sale,135000.0,"('Sutton', '5E93974')"
33515533,2 bedroom apartment for sale,315000.0,"('Sutton', '5E93974')"
12302653,2 bedroom apartment for sale,425000.0,"('Sutton', '5E93974')"
98194570,Studio flat for sale,130000.0,"('Sutton', '5E93974')"
40762587,2 bedroom flat for sale,325000.0,"('Sutton', '5E93974')"
3225790,1 bedroom semi-detached house for sale,315000.0,"('Sutton', '5E93974')"
35729630,1 bedroom flat for sale,475000.0,"('City of London', '5E61224')"
10335452,1 bedroom apartment for sale,170000.0,"('Sutton', '5E93974')"
81571005,2 bedroom flat for sale,699950.0,"('City of London', '5E61224')"
14026560,Studio flat for sale,210000.0,"('Sutton', '5E93974')"
63550766,6 bedroom detached house for sale,1750000.0,"('Sutton', '5E93974')"
71462941,1 bedroom flat for sale,225000.0,"('Sutton', '5E93974')"
22425051,2 bedroom flat for sale,300000.0,"('Sutton', '5E93974')"
43275132,4 bedroom terraced house for sale,750000.0,"('Sutton', '5E93974')"
88733876,1 bedroom apartment for sale,260000.0,"('Sutton', '5E93974')"
77743568,5 bedroom detached house for sale,2750000.0,"('Sutton', '5E93974')"
9132462,2 bedroom flat for sale,1245000.0,"('City of London', '5E61224')"
67315554,3 bedroom detached house for sale,1000000.0,"('Sutton', '5E93974')"
89803243,5 bedroom house for sale,700000.0,"('Sutton', '5E93974')"
33215481,3 bedroom semi-detached house for sale,550000.0,"('Sutton', '5E93974')"
92067521,1 bedroom end of terrace house for sale,350000.0,"('Sutton', '5E93974')"
48612643,Garages for sale,37500.0,"('Sutton', '5E93974')"
87122300,1 bedroom flat for sale,230000.0,"('Sutton', '5E93974')"
73918010,1 bedroom ground floor flat for sale,240000.0,"('Sutton', '5E93974')"
16280364,1 bedroom terraced house for sale,290000.0,"('Sutton', '5E93974')"
94784440,1 bedroom apartment for sale,330000.0,"('Sutton', '5E93974')"
60465549,1 bedroom flat for sale,300000.0,"('Sutton', '5E93974')"
92596360,5 bedroom detached house for sale,900000.0,"('Sutton', '5E93974')"
58765626,2 bedroom apartment for sale,295000.0,"('Sutton', '5E93974')"
20891861,1 bedroom apartment for sale,750000.0,"('City of London', '5E61224')"
4525423,1 bedroom apartment for sale,270000.0,"('Sutton', '5E93974')"
67771139,1 bedroom flat for sale,130000.0,"('Sutton', '5E93974')"
93472211,5 bedroom detached house for sale,1200000.0,"('Sutton', '5E93974')"
33773554,2 bedroom flat for sale,450000.0,"('Sutton', '5E93974')"
267865,2 bedroom apartment for sale,1395000.0,"('City of London', '5E61224')"
71003686,5 bedroom semi-detached house for sale,700000.0,"('Sutton', '5E93974')"
72979596,2 bedroom apartment for sale,310000.0,"('Sutton', '5E93974')"
39023429,1 bedroom flat for sale,240000.0,"('Sutton', '5E93974')"
28625599,1 bedroom flat for sale,220000.0,"('Sutton', '5E93974')"
35304011,1 bedroom ground floor flat for sale,260000.0,"('Sutton', '5E93974')"
22286018,3 bedroom semi-detached house for sale,375000.0,"('Sutton', '5E93974')"
47959762,2 bedroom maisonette for sale,390000.0,"('Sutton', '5E93974')"
25247712,1 bedroom flat for sale,130000.0,"('Sutton', '5E93974')"
25728619,1 bedroom flat for sale,250000.0,"('Sutton', '5E93974')"
33921712,1 bedroom apartment for sale,630000.0,
57210414,2 bedroom apartment for sale,475000.0,"('Sutton', '5E93974')"
51355684,3 bedroom flat for sale,475000.0,"('Sutton', '5E93974')"
1120743,2 bedroom apartment for sale,365000.0,"('Sutton', '5E93974')"
4803545,3 bedroom flat for sale,375000.0,"('Sutton', '5E93974')"
34683942,2 bedroom bungalow for sale,500000.0,"('Sutton', '5E93974')"
59636286,3 bedroom flat for sale,500000.0,"('Sutton', '5E93974')"
63182855,2 bedroom ground floor flat for sale,315000.0,"('Sutton', '5E93974')"
96987033,4 bedroom semi-detached house for sale,700000.0,"('Sutton', '5E93974')"
7225638,4 bedroom detached house for sale,1075000.0,"('Sutton', '5E93974')"
42399163,1 bedroom apartment for sale,265000.0,"('Sutton', '5E93974')"
1791749,1 bedroom apartment for sale,300000.0,"('Sutton', '5E93974')"
66111499,1 bedroom apartment for sale,200000.0,"('Sutton', '5E93974')"
33247710,5 bedroom house for sale,985000.0,"('Sutton', '5E93974')"
27994907,3 bedroom detached house for sale,950000.0,"('Sutton', '5E93974')"
11627429,1 bedroom apartment for sale,935000.0,"('City of London', '5E61224')"
31843950,2 bedroom maisonette for sale,380000.0,"('Sutton', '5E93974')"
19008927,2 bedroom apartment for sale,375000.0,"('Sutton', '5E93974')"
29486260,1 bedroom apartment for sale,250000.0,"('Sutton', '5E93974')"
6575020,3 bedroom terraced house for sale,500000.0,"('Sutton', '5E93974')"
31164615,4 bedroom detached house for sale,1100000.0,"('Sutton', '5E93974')"
99186668,3 bedroom detached house for sale,550000.0,"('Sutton', '5E93974')"
35549697,1 bedroom apartment for sale,950000.0,"('City of London', '5E61224')"
60222552,1 bedroom apartment for sale,160000.0,"('Sutton', '5E93974')"
8294427,2 bedroom apartment for sale,325000.0,"('Sutton', '5E93974')"
20890216,3 bedroom flat for sale,850000.0,"('City of London', '5E61224')"
27128693,2 bedroom apartment for sale,423995.0,"('Sutton', '5E93974')"
87725802,1 bedroom flat for sale,238125.0,"('Sutton', '5E93974')"
42781785,1 bedroom flat for sale,146250.0,"('Sutton', '5E93974')"
4577625,2 bedroom apartment for sale,215000.0,"('Sutton', '5E93974')"
85873598,2 bedroom apartment for sale,215000.0,"('Sutton', '5E93974')"
74391386,2 bedroom flat for sale,400000.0,"('Sutton', '5E93974')"
92070229,2 bedroom apartment for sale,250000.0,"('Sutton', '5E93974')"
42298089,2 bedroom flat for sale,400000.0,"('Sutton', '5E93974')"
66358644,1 bedroom apartment for sale,1300000.0,"('City of London', '5E61224')"
49160444,2 bedroom apartment for sale,2000000.0,"('City of London', '5E61224')"
40502263,3 bedroom apartment for sale,3820000.0,"('City of London', '5E61224')"
3268863,2 bedroom flat for sale,1595000.0,"('City of London', '5E61224')"
27896020,3 bedroom bungalow for sale,396500.0,"('Sutton', '5E93974')"
2646304,2 bedroom maisonette for sale,375000.0,"('Sutton', '5E93974')"
7115782,1 bedroom apartment for sale,240000.0,"('Sutton', '5E93974')"
72286005,2 bedroom apartment for sale,382375.0,"('Sutton', '5E93974')"
28815798,1 bedroom apartment for sale,330125.0,"('Sutton', '5E93974')"
54610902,2 bedroom apartment for sale,451250.0,"('Sutton', '5E93974')"
40650825,1 bedroom apartment for sale,361000.0,"('Sutton', '5E93974')"
46773742,3 bedroom apartment for sale,445000.0,"('Sutton', '5E93974')"
69193607,Hotel room for sale,134000.0,"('City of London', '5E61224')"
9031394,Land for sale,3000.0,"('Sutton', '5E93974')"
57585761,Hotel room for sale,144000.0,"('City of London', '5E61224')"
24451039,Hotel room for sale,154000.0,"('City of London', '5E61224')"
40516090,Hotel room for sale,164000.0,
60567532,Hotel room for sale,174000.0,
28822199,Hotel room for sale,184000.0,
80585687,Hotel room for sale,194000.0,"('City of London', '5E61224')"
23345631,Hotel room for sale,204000.0,"('City of London', '5E61224')"
26369037,4 bedroom semi-detached house for sale,799950.0,"('Sutton', '5E93974')"
1809589,3 bedroom end of terrace house for sale,650000.0,"('Sutton', '5E93974')"
74393267,2 bedroom flat for sale,300000.0,"('Sutton', '5E93974')"
77656767,Hotel room for sale,214000.0,"('City of London', '5E61224')"
44778127,Hotel room for sale,224000.0,"('City of London', '5E61224')"
48809906,1 bedroom flat for sale,260000.0,"('Sutton', '5E93974')"
26467847,2 bedroom semi-detached bungalow for sale,550000.0,"('Sutton', '5E93974')"
89133977,3 bedroom apartment for sale,1595000.0,"('City of London', '5E61224')"
85830866,1 bedroom apartment for sale,695000.0,
89341168,2 bedroom apartment for sale,475000.0,"('Sutton', '5E93974')"
70815803,5 bedroom house for sale,875000.0,"('Sutton', '5E93974')"
35761035,3 bedroom semi-detached house for sale,625000.0,"('Sutton', '5E93974')"
43534325,2 bedroom terraced house for sale,450000.0,"('Sutton', '5E93974')"
87206204,3 bedroom terraced house for sale,475000.0,"('Sutton', '5E93974')"
44165672,1 bedroom apartment for sale,330125.0,"('Sutton', '5E93974')"
14784025,2 bedroom apartment for sale,451250.0,"('Sutton', '5E93974')"
43396891,2 bedroom apartment for sale,382375.0,"('Sutton', '5E93974')"
1197798,1 bedroom apartment for sale,361000.0,"('Sutton', '5E93974')"
86507626,3 bedroom detached house for sale,700000.0,"('Sutton', '5E93974')"
45174184,1 bedroom flat for sale,750000.0,"('City of London', '5E61224')"
52085676,2 bedroom flat for sale,350000.0,"('Sutton', '5E93974')"
35851426,2 bedroom apartment for sale,375000.0,"('Sutton', '5E93974')"
56615215,3 bedroom terraced house for sale,550000.0,"('Sutton', '5E93974')"
42619304,6 bedroom detached house for sale,1800000.0,"('Sutton', '5E93974')"
82118735,2 bedroom apartment for sale,270000.0,"('Sutton', '5E93974')"
75071853,2 bedroom apartment for sale,300000.0,"('Sutton', '5E93974')"
57470520,2 bedroom flat for sale,2120000.0,"('City of London', '5E61224')"
34458710,1 bedroom apartment for sale,230000.0,"('Sutton', '5E93974')"
26991653,1 bedroom apartment for sale,152500.0,"('Sutton', '5E93974')"
33545711,3 bedroom semi-detached house for sale,600000.0,"('Sutton', '5E93974')"
60942745,4 bedroom detached house for sale,1000000.0,"('Sutton', '5E93974')"
85556810,4 bedroom apartment for sale,1650000.0,"('City of London', '5E61224')"
82166014,1 bedroom apartment for sale,590000.0,"('City of London', '5E61224')"
79730047,3 bedroom terraced house for sale,363500.0,"('Sutton', '5E93974')"
52548953,2 bedroom apartment for sale,300000.0,"('Sutton', '5E93974')"
64545175,4 bedroom semi-detached house for sale,675000.0,"('Sutton', '5E93974')"
70470611,2 bedroom flat for sale,365000.0,"('Sutton', '5E93974')"
67063534,3 bedroom terraced house for sale,475000.0,"('Sutton', '5E93974')"
21640036,2 bedroom apartment for sale,300000.0,"('Sutton', '5E93974')"
10189786,3 bedroom semi-detached house for sale,650000.0,"('Sutton', '5E93974')"
79403898,4 bedroom house for sale,750000.0,"('Sutton', '5E93974')"
74745015,1 bedroom ground floor flat for sale,250000.0,"('Sutton', '5E93974')"
57690116,4 bedroom semi-detached house for sale,446000.0,"('Sutton', '5E93974')"
47410939,2 bedroom flat for sale,241500.0,"('Sutton', '5E93974')"
74083129,3 bedroom terraced house for sale,314000.0,"('Sutton', '5E93974')"
8496113,3 bedroom end of terrace house for sale,500000.0,"('Sutton', '5E93974')"
86683101,1 bedroom flat for sale,850000.0,"('City of London', '5E61224')"
39058705,4 bedroom detached house for sale,850000.0,"('Sutton', '5E93974')"
16953028,2 bedroom apartment for sale,425000.0,"('Sutton', '5E93974')"
25877387,3 bedroom flat for sale,1850000.0,"('City of London', '5E61224')"
21634269,Studio flat for sale,500000.0,"('City of London', '5E61224')"
90816224,1 bedroom apartment for sale,775000.0,"('City of London', '5E61224')"
4619023,4 bedroom house for sale,750000.0,"('Sutton', '5E93974')"
51605927,4 bedroom house for sale,725000.0,"('Sutton', '5E93974')"
47899067,3 bedroom house for sale,500000.0,"('Sutton', '5E93974')"
58144771,1 bedroom flat for sale,120000.0,"('Sutton', '5E93974')"
14844510,5 bedroom detached house for sale,1100000.0,"('Sutton', '5E93974')"
69592184,4 bedroom semi-detached house for sale,625000.0,"('Sutton', '5E93974')"
68425095,2 bedroom apartment for sale,425000.0,"('Sutton', '5E93974')"
5259205,2 bedroom apartment for sale,350000.0,"('Sutton', '5E93974')"
45701507,2 bedroom maisonette for sale,350000.0,"('Sutton', '5E93974')"
1760413,1 bedroom flat for sale,335000.0,"('Sutton', '5E93974')"
52250526,3 bedroom flat for sale,495000.0,"('Sutton', '5E93974')"
26438695,3 bedroom flat for sale,475000.0,"('Sutton', '5E93974')"
34074808,2 bedroom ground floor flat for sale,310000.0,"('Sutton', '5E93974')"
86698263,2 bedroom ground floor flat for sale,205000.0,"('Sutton', '5E93974')"
84128705,1 bedroom end of terrace house for sale,340000.0,"('Sutton', '5E93974')"
6392083,3 bedroom detached house for sale,725000.0,"('Sutton', '5E93974')"
5398797,1 bedroom apartment for sale,630000.0,"('City of London', '5E61224')"
13992116,1 bedroom apartment for sale,715000.0,
52826625,1 bedroom flat for sale,165500.0,"('Sutton', '5E93974')"
7348766,2 bedroom flat for sale,165500.0,"('Sutton', '5E93974')"
52236164,4 bedroom detached house for sale,750000.0,"('Sutton', '5E93974')"
27677100,2 bedroom maisonette for sale,360000.0,"('Sutton', '5E93974')"
63574284,1 bedroom flat for sale,230000.0,"('Sutton', '5E93974')"
69655188,2 bedroom flat for sale,435000.0,"('Sutton', '5E93974')"
51300016,1 bedroom flat for sale,275000.0,"('Sutton', '5E93974')"
66548678,1 bedroom flat for sale,250000.0,"('Sutton', '5E93974')"
33010306,1 bedroom flat for sale,250000.0,"('Sutton', '5E93974')"
14068491,4 bedroom semi-detached house for sale,850000.0,"('Sutton', '5E93974')"
76845005,2 bedroom flat for sale,300000.0,"('Sutton', '5E93974')"
65867131,2 bedroom semi-detached house for sale,450000.0,"('Sutton', '5E93974')"
659823,2 bedroom maisonette for sale,250000.0,"('Sutton', '5E93974')"
50438648,2 bedroom flat for sale,330000.0,"('Sutton', '5E93974')"
93061556,2 bedroom end of terrace house for sale,450000.0,"('Sutton', '5E93974')"
29071226,3 bedroom semi-detached house for sale,635000.0,"('Sutton', '5E93974')"
21010502,2 bedroom flat for sale,300000.0,"('Sutton', '5E93974')"
14330446,2 bedroom flat for sale,320000.0,"('Sutton', '5E93974')"
59813016,2 bedroom terraced house for sale,400000.0,"('Sutton', '5E93974')"
99601315,Studio flat for sale,100000.0,"('Sutton', '5E93974')"
21545071,1 bedroom flat for sale,260000.0,"('Sutton', '5E93974')"
16169642,3 bedroom end of terrace house for sale,515000.0,"('Sutton', '5E93974')"
16764575,2 bedroom flat for sale,425000.0,"('Sutton', '5E93974')"
1349469,4 bedroom detached house for sale,875000.0,"('Sutton', '5E93974')"
81267559,1 bedroom apartment for sale,825000.0,"('City of London', '5E61224')"
76367149,2 bedroom flat for sale,256000.0,"('Sutton', '5E93974')"
87683401,Studio flat for sale,225000.0,"('Sutton', '5E93974')"
89770202,1 bedroom flat for sale,275000.0,"('Sutton', '5E93974')"
6893876,1 bedroom flat for sale,625000.0,"('City of London', '5E61224')"
89075018,2 bedroom apartment for sale,398995.0,"('Sutton', '5E93974')"
71183121,Studio flat for sale,66500.0,"('Sutton', '5E93974')"
21692585,2 bedroom maisonette for sale,280000.0,"('Sutton', '5E93974')"
46795775,2 bedroom maisonette for sale,350000.0,"('Sutton', '5E93974')"
47914661,2 bedroom maisonette for sale,231500.0,
70310668,2 bedroom end of terrace house for sale,450000.0,"('Sutton', '5E93974')"
36416593,4 bedroom detached house for sale,1300000.0,"('Sutton', '5E93974')"
59378115,3 bedroom detached house for sale,800000.0,"('Sutton', '5E93974')"
48087801,1 bedroom ground floor flat for sale,240000.0,"('Sutton', '5E93974')"
55775697,3 bedroom terraced house for sale,550000.0,
8609985,1 bedroom flat for sale,265000.0,"('Sutton', '5E93974')"
6211490,2 bedroom maisonette for sale,265000.0,"('Sutton', '5E93974')"
67877126,3 bedroom semi-detached house for sale,600000.0,"('Sutton', '5E93974')"
92509964,1 bedroom apartment for sale,115000.0,"('Sutton', '5E93974')"
9892967,2 bedroom ground floor flat for sale,260000.0,"('Sutton', '5E93974')"
13597192,5 bedroom detached house for sale,2000000.0,"('Sutton', '5E93974')"
84982722,1 bedroom flat for sale,285000.0,"('Sutton', '5E93974')"
53457890,1 bedroom flat for sale,220000.0,"('Sutton', '5E93974')"
13897457,2 bedroom semi-detached house for sale,480000.0,"('Sutton', '5E93974')"
61537556,2 bedroom apartment for sale,340000.0,"('Sutton', '5E93974')"
15025328,Studio flat for sale,200000.0,"('Sutton', '5E93974')"
10333024,2 bedroom apartment for sale,210000.0,"('Sutton', '5E93974')"
14514344,4 bedroom semi-detached house for sale,800000.0,"('Sutton', '5E93974')"
88361396,3 bedroom flat for sale,700000.0,"('Sutton', '5E93974')"
64921528,5 bedroom semi-detached house for sale,850000.0,"('Sutton', '5E93974')"
55013133,5 bedroom detached house for sale,975000.0,"('Sutton', '5E93974')"
64656407,2 bedroom flat for sale,280000.0,"('Sutton', '5E93974')"
98086411,3 bedroom house for sale,480000.0,"('Sutton', '5E93974')"
99556499,4 bedroom semi-detached house for sale,800000.0,"('Sutton', '5E93974')"
28968870,2 bedroom end of terrace house for sale,600000.0,"('Sutton', '5E93974')"
13916241,2 bedroom ground floor flat for sale,365000.0,"('Sutton', '5E93974')"
41044678,2 bedroom semi-detached house for sale,550000.0,"('Sutton', '5E93974')"
5608824,2 bedroom flat for sale,400000.0,"('Sutton', '5E93974')"
25308999,1 bedroom flat for sale,210000.0,"('Sutton', '5E93974')"
88854111,2 bedroom semi-detached bungalow for sale,420000.0,"('Sutton', '5E93974')"
531635,2 bedroom maisonette for sale,178500.0,"('Sutton', '5E93974')"
9391980,2 bedroom flat for sale,380000.0,"('Sutton', '5E93974')"
22421256,Studio apartment for sale,425000.0,
96024670,5 bedroom detached house for sale,850000.0,"('Sutton', '5E93974')"
35827577,3 bedroom terraced house for sale,525000.0,"('Sutton', '5E93974')"
48466690,2 bedroom apartment for sale,469995.0,"('Sutton', '5E93974')"
41822402,1 bedroom apartment for sale,334995.0,"('Sutton', '5E93974')"
71839004,2 bedroom flat for sale,235000.0,"('Sutton', '5E93974')"
24339042,3 bedroom maisonette for sale,445000.0,"('Sutton', '5E93974')"
75789258,1 bedroom flat for sale,110000.0,"('Sutton', '5E93974')"
16840938,1 bedroom apartment for sale,300000.0,"('Sutton', '5E93974')"
43751892,1 bedroom apartment for sale,377950.0,"('Sutton', '5E93974')"
3131904,1 bedroom flat for sale,325000.0,"('Sutton', '5E93974')"
80980428,2 bedroom flat for sale,350000.0,"('Sutton', '5E93974')"
33453735,3 bedroom semi-detached house for sale,550000.0,"('Sutton', '5E93974')"
21256709,4 bedroom semi-detached house for sale,800000.0,"('Sutton', '5E93974')"
65195616,1 bedroom apartment for sale,225000.0,"('Sutton', '5E93974')"
35608483,2 bedroom flat for sale,265000.0,"('Sutton', '5E93974')"
80385860,3 bedroom maisonette for sale,300000.0,"('Sutton', '5E93974')"
18303027,3 bedroom maisonette for sale,4000000.0,"('City of London', '5E61224')"
81501046,5 bedroom semi-detached house for sale,1150000.0,"('Sutton', '5E93974')"
26836871,3 bedroom semi-detached house for sale,525000.0,"('Sutton', '5E93974')"
21364918,3 bedroom semi-detached house for sale,699950.0,"('Sutton', '5E93974')"
75372870,5 bedroom house for sale,1000000.0,"('Sutton', '5E93974')"
36160095,2 bedroom apartment for sale,475000.0,"('Sutton', '5E93974')"
79440284,1 bedroom apartment for sale,240000.0,"('Sutton', '5E93974')"
18954681,2 bedroom terraced house for sale,400000.0,"('Sutton', '5E93974')"
96388501,2 bedroom flat for sale,375000.0,"('Sutton', '5E93974')"
69774501,1 bedroom flat for sale,60000.0,"('Sutton', '5E93974')"
36035780,2 bedroom terraced house for sale,395000.0,"('Sutton', '5E93974')"
64309586,5 bedroom semi-detached house for sale,850000.0,"('Sutton', '5E93974')"
48803089,2 bedroom semi-detached house for sale,480000.0,"('Sutton', '5E93974')"
81842503,2 bedroom apartment for sale,375000.0,"('Sutton', '5E93974')"
38039463,2 bedroom flat for sale,450000.0,"('Sutton', '5E93974')"
36436014,4 bedroom terraced house for sale,535000.0,"('Sutton', '5E93974')"
49967645,1 bedroom apartment for sale,334995.0,"('Sutton', '5E93974')"
47622347,1 bedroom apartment for sale,333995.0,"('Sutton', '5E93974')"
89444553,4 bedroom semi-detached house for sale,850000.0,"('Sutton', '5E93974')"
41269814,3 bedroom terraced house for sale,500000.0,"('Sutton', '5E93974')"
61133623,2 bedroom terraced house for sale,475000.0,"('Sutton', '5E93974')"
11625676,4 bedroom detached house for sale,1250000.0,"('Sutton', '5E93974')"
45691028,3 bedroom end of terrace house for sale,575000.0,"('Sutton', '5E93974')"
67803269,Parking for sale,50000.0,"('City of London', '5E61224')"
15812693,2 bedroom flat for sale,1800000.0,"('City of London', '5E61224')"
90925973,3 bedroom flat for sale,3820000.0,
38713834,3 bedroom apartment for sale,1575000.0,"('City of London', '5E61224')"
2519800,1 bedroom maisonette for sale,250000.0,"('Sutton', '5E93974')"
71234897,1 bedroom apartment for sale,900000.0,"('City of London', '5E61224')"
3608864,1 bedroom apartment for sale,850000.0,"('City of London', '5E61224')"
10092061,1 bedroom apartment for sale,1325000.0,"('City of London', '5E61224')"
81660738,2 bedroom apartment for sale,1800000.0,"('City of London', '5E61224')"
81478083,1 bedroom flat for sale,1300000.0,"('City of London', '5E61224')"
64791738,4 bedroom terraced house for sale,2500000.0,"('City of London', '5E61224')"
19930430,Studio apartment for sale,479500.0,"('City of London', '5E61224')"
98713619,1 bedroom flat for sale,590000.0,"('City of London', '5E61224')"
70151052,2 bedroom apartment for sale,1250000.0,"('City of London', '5E61224')"
94322927,Studio apartment for sale,499950.0,"('City of London', '5E61224')"
78091289,1 bedroom apartment for sale,999950.0,"('City of London', '5E61224')"
4565069,2 bedroom apartment for sale,1595000.0,"('City of London', '5E61224')"
96300125,2 bedroom flat for sale,1400000.0,
42685838,2 bedroom apartment for sale,335000.0,"('Sutton', '5E93974')"
39004344,1 bedroom apartment for sale,215000.0,"('Sutton', '5E93974')"
32920862,1 bedroom apartment for sale,1350000.0,"('City of London', '5E61224')"
8846824,1 bedroom apartment for sale,665000.0,"('City of London', '5E61224')"
77337813,1 bedroom flat for sale,220000.0,"('Sutton', '5E93974')"
80951687,4 bedroom terraced house for sale,460000.0,"('Sutton', '5E93974')"
89381099,1 bedroom apartment for sale,615500.0,"('City of London', '5E61224')"
25144029,1 bedroom apartment for sale,800000.0,
12600091,1 bedroom ground maisonette for sale,300000.0,"('Sutton', '5E93974')"
8296647,Studio flat for sale,525000.0,"('City of London', '5E61224')"
98685781,4 bedroom detached house for sale,800000.0,"('Sutton', '5E93974')"
15578364,2 bedroom flat for sale,300000.0,"('Sutton', '5E93974')"
39773828,1 bedroom apartment for sale,800000.0,"('City of London', '5E61224')"
57543816,4 bedroom detached house for sale,699950.0,"('Sutton', '5E93974')"
28891652,2 bedroom flat for sale,320000.0,"('Sutton', '5E93974')"
33061862,4 bedroom end of terrace house for sale,550000.0,"('Sutton', '5E93974')"
11227276,Studio flat for sale,525000.0,"('City of London', '5E61224')"
91603539,Studio apartment for sale,550000.0,"('City of London', '5E61224')"
2215413,1 bedroom retirement property for sale,304000.0,"('Sutton', '5E93974')"
73704320,1 bedroom retirement property for sale,313500.0,"('Sutton', '5E93974')"
17623076,2 bedroom retirement property for sale,389500.0,"('Sutton', '5E93974')"
91259441,2 bedroom retirement property for sale,465500.0,"('Sutton', '5E93974')"
79352956,2 bedroom retirement property for sale,475000.0,"('Sutton', '5E93974')"
21955489,2 bedroom retirement property for sale,484500.0,"('Sutton', '5E93974')"
80366344,3 bedroom semi-detached house for sale,650000.0,"('Sutton', '5E93974')"
10099310,3 bedroom end of terrace house for sale,510000.0,"('Sutton', '5E93974')"
29791883,Studio apartment for sale,550000.0,"('City of London', '5E61224')"
97749827,1 bedroom flat for sale,310000.0,"('Sutton', '5E93974')"
81682485,2 bedroom flat for sale,330000.0,"('Sutton', '5E93974')"
47414202,2 bedroom apartment for sale,279000.0,"('Sutton', '5E93974')"
48181528,1 bedroom flat for sale,500000.0,"('City of London', '5E61224')"
65897050,3 bedroom detached house for sale,750000.0,"('Sutton', '5E93974')"
8862062,2 bedroom penthouse for sale,395000.0,"('Sutton', '5E93974')"
88691167,3 bedroom detached house for sale,550000.0,"('Sutton', '5E93974')"
88438952,2 bedroom terraced house for sale,425000.0,"('Sutton', '5E93974')"
11121875,2 bedroom apartment for sale,375000.0,"('Sutton', '5E93974')"
89364131,4 bedroom detached house for sale,850000.0,"('Sutton', '5E93974')"
13176096,5 bedroom apartment for sale,4500000.0,"('City of London', '5E61224')"
99203425,2 bedroom apartment for sale,300000.0,"('Sutton', '5E93974')"
42018929,4 bedroom end of terrace house for sale,525000.0,"('Sutton', '5E93974')"
61640124,3 bedroom terraced house for sale,460000.0,"('Sutton', '5E93974')"
95220772,7 bedroom detached house for sale,1600000.0,"('Sutton', '5E93974')"
63645712,3 bedroom semi-detached house for sale,625000.0,"('Sutton', '5E93974')"
97010012,Hotel room for sale,122000.0,"('City of London', '5E61224')"
48278615,1 bedroom apartment for sale,545000.0,"('City of London', '5E61224')"
47362365,2 bedroom apartment for sale,325000.0,"('Sutton', '5E93974')"
76410668,Studio flat for sale,180000.0,"('Sutton', '5E93974')"
18327748,3 bedroom semi-detached house for sale,575000.0,"('Sutton', '5E93974')"
40204742,2 bedroom maisonette for sale,400000.0,"('Sutton', '5E93974')"
73767600,4 bedroom town house for sale,650000.0,"('Sutton', '5E93974')"
42216136,1 bedroom apartment for sale,260000.0,"('Sutton', '5E93974')"
99325911,2 bedroom flat for sale,285000.0,"('Sutton', '5E93974')"
79672672,4 bedroom terraced house for sale,650000.0,"('Sutton', '5E93974')"
41587975,1 bedroom flat for sale,259950.0,"('Sutton', '5E93974')"
43687702,1 bedroom flat for sale,220000.0,"('Sutton', '5E93974')"
29137065,1 bedroom flat for sale,695000.0,"('City of London', '5E61224')"
44893652,4 bedroom terraced house for sale,625000.0,"('Sutton', '5E93974')"
59098264,4 bedroom terraced house for sale,675000.0,"('Sutton', '5E93974')"
72216503,2 bedroom apartment for sale,375000.0,"('Sutton', '5E93974')"
97080345,3 bedroom end of terrace house for sale,425000.0,"('Sutton', '5E93974')"
93420802,3 bedroom end of terrace house for sale,281000.0,"('Sutton', '5E93974')"
17546360,2 bedroom flat for sale,375000.0,"('Sutton', '5E93974')"
54959389,2 bedroom terraced house for sale,500000.0,"('Sutton', '5E93974')"
30321298,2 bedroom apartment for sale,400000.0,"('Sutton', '5E93974')"
46667317,2 bedroom penthouse for sale,425000.0,"('Sutton', '5E93974')"
81233227,3 bedroom terraced house for sale,465000.0,"('Sutton', '5E93974')"
23896494,2 bedroom house for sale,425000.0,"('Sutton', '5E93974')"
33408146,1 bedroom flat for sale,250000.0,"('Sutton', '5E93974')"
48887096,1 bedroom flat for sale,270000.0,"('Sutton', '5E93974')"
97810326,4 bedroom semi-detached house for sale,850000.0,"('Sutton', '5E93974')"
16856309,1 bedroom flat for sale,183000.0,"('Sutton', '5E93974')"
72629318,2 bedroom flat for sale,380000.0,"('Sutton', '5E93974')"
7932291,2 bedroom apartment for sale,425000.0,"('Sutton', '5E93974')"
90112398,2 bedroom flat for sale,250000.0,"('Sutton', '5E93974')"
71832734,2 bedroom apartment for sale,1100000.0,
63953089,2 bedroom apartment for sale,350000.0,"('Sutton', '5E93974')"
2752875,5 bedroom detached house for sale,950000.0,"('Sutton', '5E93974')"
62762869,2 bedroom terraced house for sale,400000.0,"('Sutton', '5E93974')"
55640274,2 bedroom apartment for sale,245000.0,"('Sutton', '5E93974')"
16373753,2 bedroom end of terrace house for sale,475000.0,"('Sutton', '5E93974')"
94024705,4 bedroom detached house for sale,950000.0,"('Sutton', '5E93974')"
60279776,1 bedroom apartment for sale,250000.0,"('Sutton', '5E93974')"
92357025,4 bedroom terraced house for sale,650000.0,"('Sutton', '5E93974')"
1207420,5 bedroom detached house for sale,1050000.0,"('Sutton', '5E93974')"
16853744,2 bedroom flat for sale,250000.0,"('Sutton', '5E93974')"
4537860,2 bedroom apartment for sale,325000.0,"('Sutton', '5E93974')"
99250018,2 bedroom flat for sale,365000.0,"('Sutton', '5E93974')"
28522687,1 bedroom flat for sale,210000.0,"('Sutton', '5E93974')"
66412542,2 bedroom maisonette for sale,385000.0,"('Sutton', '5E93974')"
33592423,2 bedroom maisonette for sale,385000.0,"('Sutton', '5E93974')"
31552414,4 bedroom detached house for sale,1250000.0,"('Sutton', '5E93974')"
74287323,4 bedroom detached house for sale,950000.0,"('Sutton', '5E93974')"
40922934,1 bedroom end of terrace house for sale,350000.0,"('Sutton', '5E93974')"
86902943,1 bedroom apartment for sale,285000.0,"('Sutton', '5E93974')"
74256386,5 bedroom semi-detached house for sale,950000.0,"('Sutton', '5E93974')"
48347989,2 bedroom terraced house for sale,475000.0,"('Sutton', '5E93974')"
70250040,1 bedroom flat for sale,295000.0,"('Sutton', '5E93974')"
15723531,1 bedroom flat for sale,250000.0,"('Sutton', '5E93974')"
30797326,4 bedroom detached house for sale,1200000.0,"('Sutton', '5E93974')"
92047690,2 bedroom terraced house for sale,264500.0,"('Sutton', '5E93974')"
96125618,3 bedroom bungalow for sale,900000.0,"('Sutton', '5E93974')"
3541983,1 bedroom apartment for sale,945000.0,
90685913,3 bedroom terraced house for sale,550000.0,"('Sutton', '5E93974')"
99652649,4 bedroom semi-detached house for sale,850000.0,"('Sutton', '5E93974')"
29752374,4 bedroom semi-detached house for sale,561500.0,"('Sutton', '5E93974')"
23005480,2 bedroom retirement property for sale,275000.0,"('Sutton', '5E93974')"
3817568,5 bedroom detached house for sale,1150000.0,"('Sutton', '5E93974')"
66379974,2 bedroom flat for sale,350000.0,"('Sutton', '5E93974')"
62129597,3 bedroom terraced house for sale,595000.0,"('Sutton', '5E93974')"
57832901,2 bedroom apartment for sale,300000.0,"('Sutton', '5E93974')"
35777676,3 bedroom terraced house for sale,475000.0,"('Sutton', '5E93974')"
77334648,2 bedroom flat for sale,925000.0,"('City of London', '5E61224')"
87829085,3 bedroom bungalow for sale,850000.0,"('Sutton', '5E93974')"
81164645,2 bedroom ground floor flat for sale,475000.0,"('Sutton', '5E93974')"
63262798,1 bedroom flat for sale,300000.0,
79037567,1 bedroom apartment for sale,250000.0,"('Sutton', '5E93974')"
53817312,1 bedroom flat for sale,200000.0,"('Sutton', '5E93974')"
34701544,3 bedroom semi-detached house for sale,575000.0,"('Sutton', '5E93974')"
88706522,3 bedroom penthouse for sale,1700000.0,"('City of London', '5E61224')"
6434130,3 bedroom detached house for sale,850000.0,"('Sutton', '5E93974')"
37003046,2 bedroom terraced house for sale,400000.0,"('Sutton', '5E93974')"
84052894,2 bedroom maisonette for sale,200000.0,"('Sutton', '5E93974')"
73299899,1 bedroom flat for sale,240000.0,"('Sutton', '5E93974')"
42495259,1 bedroom flat for sale,159000.0,"('Sutton', '5E93974')"
33606698,6 bedroom semi-detached house for sale,680000.0,"('Sutton', '5E93974')"
94798467,4 bedroom semi-detached house for sale,1100000.0,"('Sutton', '5E93974')"
5792201,5 bedroom semi-detached house for sale,950000.0,"('Sutton', '5E93974')"
45081403,2 bedroom flat for sale,1550000.0,"('City of London', '5E61224')"
95173640,Studio flat for sale,138500.0,"('Sutton', '5E93974')"
4533385,4 bedroom detached house for sale,950000.0,"('Sutton', '5E93974')"
69856374,2 bedroom maisonette for sale,400000.0,"('Sutton', '5E93974')"
66881746,2 bedroom apartment for sale,208500.0,"('Sutton', '5E93974')"
39854264,2 bedroom apartment for sale,192000.0,"('Sutton', '5E93974')"
64419784,1 bedroom flat for sale,152500.0,"('Sutton', '5E93974')"
4732872,1 bedroom apartment for sale,152500.0,"('Sutton', '5E93974')"
66728315,2 bedroom apartment for sale,264500.0,
70707431,2 bedroom apartment for sale,204500.0,"('Sutton', '5E93974')"
9414638,1 bedroom flat for sale,178500.0,"('Sutton', '5E93974')"
91447032,1 bedroom maisonette for sale,185000.0,
37929364,2 bedroom flat for sale,198000.0,"('Sutton', '5E93974')"
46329994,2 bedroom flat for sale,218500.0,"('Sutton', '5E93974')"
97364833,3 bedroom town house for sale,429000.0,"('Sutton', '5E93974')"
45148191,2 bedroom flat for sale,237500.0,"('Sutton', '5E93974')"
31816982,2 bedroom maisonette for sale,221500.0,"('Sutton', '5E93974')"
29948922,2 bedroom apartment for sale,231500.0,"('Sutton', '5E93974')"
91452256,1 bedroom flat for sale,148500.0,"('Sutton', '5E93974')"
90842831,3 bedroom semi-detached house for sale,413000.0,"('Sutton', '5E93974')"
69727900,2 bedroom apartment for sale,320000.0,"('Sutton', '5E93974')"
98705870,1 bedroom flat for sale,170000.0,
20438472,3 bedroom terraced house for sale,575000.0,"('Sutton', '5E93974')"
88915140,4 bedroom detached house for sale,1000000.0,"('Sutton', '5E93974')"
26870760,2 bedroom apartment for sale,965000.0,
641288,3 bedroom apartment for sale,1700000.0,"('City of London', '5E61224')"
82295522,3 bedroom semi-detached house for sale,650000.0,"('Sutton', '5E93974')"
79481117,4 bedroom detached house for sale,1300000.0,"('Sutton', '5E93974')"
65306657,2 bedroom ground floor flat for sale,400000.0,"('Sutton', '5E93974')"
24165507,4 bedroom semi-detached house for sale,750000.0,"('Sutton', '5E93974')"
10130106,2 bedroom terraced house for sale,500000.0,
67452709,2 bedroom flat for sale,300000.0,"('Sutton', '5E93974')"
21550391,4 bedroom bungalow for sale,975000.0,
66848888,2 bedroom ground floor flat for sale,275000.0,"('Sutton', '5E93974')"
41253686,4 bedroom detached house for sale,1000000.0,"('Sutton', '5E93974')"
74447807,2 bedroom penthouse for sale,1275000.0,
6922568,1 bedroom apartment for sale,570000.0,
55159446,4 bedroom maisonette for sale,399950.0,"('Sutton', '5E93974')"
39064491,1 bedroom flat for sale,650000.0,"('City of London', '5E61224')"
64158419,2 bedroom apartment for sale,421995.0,"('Sutton', '5E93974')"
57110458,3 bedroom end of terrace house for sale,550000.0,"('Sutton', '5E93974')"
2312422,2 bedroom apartment for sale,375000.0,"('Sutton', '5E93974')"
70499473,2 bedroom apartment for sale,375000.0,"('Sutton', '5E93974')"
74542172,1 bedroom flat for sale,96250.0,"('Sutton', '5E93974')"
94125793,3 bedroom terraced house for sale,425000.0,"('Sutton', '5E93974')"
35630973,3 bedroom end of terrace house for sale,620000.0,"('Sutton', '5E93974')"
54902187,2 bedroom flat for sale,350000.0,"('Sutton', '5E93974')"
61785150,2 bedroom apartment for sale,350000.0,"('Sutton', '5E93974')"
941985,2 bedroom apartment for sale,185500.0,"('Sutton', '5E93974')"
25647627,2 bedroom terraced house for sale,450000.0,"('Sutton', '5E93974')"
25286978,3 bedroom flat for sale,375000.0,"('Sutton', '5E93974')"
37580182,3 bedroom apartment for sale,4150000.0,
60824885,3 bedroom apartment for sale,6655000.0,"('City of London', '5E61224')"
65367119,2 bedroom flat for sale,275000.0,"('Sutton', '5E93974')"
60565881,2 bedroom ground floor flat for sale,450000.0,"('Sutton', '5E93974')"
75875088,3 bedroom semi-detached house for sale,600000.0,"('Sutton', '5E93974')"
71910700,3 bedroom end of terrace house for sale,500000.0,
87783454,2 bedroom ground maisonette for sale,325000.0,"('Sutton', '5E93974')"
32952165,1 bedroom apartment for sale,545000.0,"('City of London', '5E61224')"
36847317,2 bedroom flat for sale,469995.0,"('Sutton', '5E93974')"
68096993,4 bedroom semi-detached house for sale,900000.0,"('Sutton', '5E93974')"
6630326,3 bedroom semi-detached house for sale,650000.0,"('Sutton', '5E93974')"
67637507,2 bedroom apartment for sale,450000.0,"('Sutton', '5E93974')"
98666753,1 bedroom maisonette for sale,165500.0,"('Sutton', '5E93974')"
28380310,2 bedroom apartment for sale,325000.0,"('Sutton', '5E93974')"
91786607,2 bedroom apartment for sale,215000.0,"('Sutton', '5E93974')"
1901493,2 bedroom flat for sale,205000.0,"('Sutton', '5E93974')"
48016743,2 bedroom semi-detached house for sale,525000.0,"('Sutton', '5E93974')"
85424220,2 bedroom terraced house for sale,485000.0,"('Sutton', '5E93974')"
63493739,1 bedroom ground floor flat for sale,250000.0,"('Sutton', '5E93974')"
50760593,1 bedroom ground floor flat for sale,165500.0,"('Sutton', '5E93974')"
46454612,2 bedroom ground floor flat for sale,340000.0,"('Sutton', '5E93974')"
64006682,2 bedroom ground floor flat for sale,275000.0,"('Sutton', '5E93974')"
93439707,1 bedroom flat for sale,325000.0,"('Sutton', '5E93974')"
76287431,3 bedroom semi-detached house for sale,500000.0,"('Sutton', '5E93974')"
74195981,3 bedroom semi-detached house for sale,750000.0,"('Sutton', '5E93974')"
6392915,4 bedroom detached house for sale,1300000.0,"('Sutton', '5E93974')"
24923095,1 bedroom flat for sale,270000.0,"('Sutton', '5E93974')"
59823899,2 bedroom ground maisonette for sale,350000.0,"('Sutton', '5E93974')"
93595685,2 bedroom ground maisonette for sale,231500.0,"('Sutton', '5E93974')"
31576404,1 bedroom apartment for sale,845000.0,"('City of London', '5E61224')"
24219979,3 bedroom semi-detached house for sale,595000.0,"('Sutton', '5E93974')"
37504296,4 bedroom semi-detached house for sale,875000.0,"('Sutton', '5E93974')"
67210841,3 bedroom terraced house for sale,425000.0,"('Sutton', '5E93974')"
21828284,3 bedroom semi-detached house for sale,575000.0,"('Sutton', '5E93974')"
72968728,1 bedroom flat for sale,250000.0,"('Sutton', '5E93974')"
59859585,3 bedroom apartment for sale,264500.0,"('Sutton', '5E93974')"
22004665,1 bedroom flat for sale,265000.0,"('Sutton', '5E93974')"
15798143,3 bedroom detached house for sale,875000.0,"('Sutton', '5E93974')"
67978835,3 bedroom terraced house for sale,550000.0,"('Sutton', '5E93974')"
3254666,3 bedroom terraced house for sale,500000.0,"('Sutton', '5E93974')"
39596160,4 bedroom house for sale,900000.0,"('Sutton', '5E93974')"
50870841,3 bedroom terraced house for sale,475000.0,"('Sutton', '5E93974')"
39269959,2 bedroom apartment for sale,1685000.0,"('City of London', '5E61224')"
51350178,1 bedroom apartment for sale,835000.0,
43649249,2 bedroom apartment for sale,1685000.0,"('City of London', '5E61224')"
45017878,1 bedroom apartment for sale,980000.0,"('City of London', '5E61224')"
19112473,2 bedroom maisonette for sale,320000.0,"('Sutton', '5E93974')"
56964783,1 bedroom apartment for sale,825000.0,
45753314,1 bedroom apartment for sale,899000.0,"('City of London', '5E61224')"
68626103,2 bedroom maisonette for sale,270000.0,"('Sutton', '5E93974')"
50017813,2 bedroom apartment for sale,300000.0,"('Sutton', '5E93974')"
75531220,Studio apartment for sale,595000.0,"('City of London', '5E61224')"
96722283,2 bedroom flat for sale,1800000.0,
40818049,1 bedroom flat for sale,310000.0,"('Sutton', '5E93974')"
29839285,3 bedroom flat for sale,1800000.0,"('City of London', '5E61224')"
8179119,2 bedroom flat for sale,150000.0,"('Sutton', '5E93974')"
46966041,2 bedroom flat for sale,1200000.0,"('City of London', '5E61224')"
93270367,4 bedroom detached house for sale,875000.0,"('Sutton', '5E93974')"
4677184,1 bedroom flat for sale,725000.0,
58419696,3 bedroom penthouse for sale,420000.0,"('Sutton', '5E93974')"
96738284,2 bedroom flat for sale,375000.0,"('Sutton', '5E93974')"
41833417,2 bedroom apartment for sale,1250000.0,"('City of London', '5E61224')"
44204674,3 bedroom bungalow for sale,600000.0,"('Sutton', '5E93974')"
71395600,Land for sale,3000.0,"('Sutton', '5E93974')"
27810838,2 bedroom flat for sale,365000.0,"('Sutton', '5E93974')"
9727520,2 bedroom apartment for sale,595000.0,"('Sutton', '5E93974')"
21205199,2 bedroom penthouse for sale,475000.0,"('Sutton', '5E93974')"
34826443,2 bedroom penthouse for sale,314000.0,"('Sutton', '5E93974')"
87968180,5 bedroom detached house for sale,1500000.0,"('Sutton', '5E93974')"
33094587,4 bedroom end of terrace house for sale,600000.0,"('Sutton', '5E93974')"
19184513,3 bedroom penthouse for sale,3000000.0,"('City of London', '5E61224')"
40810180,1 bedroom apartment for sale,800000.0,"('City of London', '5E61224')"
85014826,5 bedroom detached house for sale,1000000.0,"('Sutton', '5E93974')"
95630797,1 bedroom flat for sale,975000.0,
55715677,3 bedroom detached bungalow for sale,575000.0,
30004542,2 bedroom apartment for sale,285000.0,"('Sutton', '5E93974')"
35138542,2 bedroom terraced house for sale,425000.0,
96605029,2 bedroom flat for sale,565000.0,"('Sutton', '5E93974')"
2110103,3 bedroom link detached house for sale,500000.0,"('Sutton', '5E93974')"
98235557,1 bedroom apartment for sale,175000.0,"('Sutton', '5E93974')"
23510751,Studio flat for sale,549950.0,"('City of London', '5E61224')"
